{
    "deflections": {
        "AX": 190.0,
        "CDD": 50.0,
        "H1": 0.0,
        "H2": 0.0,
        "L1": 400.0,
        "L2": 825.0
    },
    "gains": {
        "AX": 0,
        "CDD": 0,
        "H1": 0,
        "H2": 0,
        "L1": 0,
        "L2": 0
    },
    "spectrometer": {
        "ElectronEnergy": 73.9663065372642,
        "ExtractionLens": 26.13,
        "HV": 4.49994659342336,
        "IonCounterVoltage": 0.0,
        "IonRepeller": -3.81,
        "YSymmetry": -2.81,
        "ZSymmetry": -50.72
    }
}